2022-06-30 00:56:07.401100,927745218923597855,[174837853778345984]
2022-07-02 22:00:40.438740,868522547841482754,"[174837853778345984, 942424800901599303, 930111883560755250, 925407712861360198, 778709999081619486, 778709940540932106, 779027188791246868, 774251888115187723, 585529350435242014]"
2022-07-02 22:00:55.849113,725623141950554162,"[174837853778345984, 925407712861360198]"
2022-07-02 22:01:02.962950,725623141950554162,"[174837853778345984, 925407712861360198]"
2022-07-06 10:03:39.011528,855443448785010749,[174837853778345984]
2022-07-07 15:53:12.071709,863781837871644723,"[174837853778345984, 925407712861360198, 778709999081619486, 778709940540932106, 779027188791246868, 774251888115187723]"
2022-07-08 15:07:07.272733,363019898722451486,[174837853778345984]
2022-07-08 23:18:27.946282,707703765930737715,[174837853778345984]
2022-07-08 23:18:43.598691,707703765930737715,[174837853778345984]
2022-07-08 23:18:54.573142,707703765930737715,[174837853778345984]
